{"cameraMode":{"drawMode":0,"name":"Shaded","section":"Shading Mode"},"sceneLighting":true,"audioPlay":false,"sceneViewState":{"showFog":true,"showMaterialUpdate":false,"showSkybox":true,"showFlares":true,"showImageEffects":true,"showParticleSystems":true},"in2DMode":false,"pivot":{"x":159.55528259277345,"y":1.8907699584960938,"z":-64.3499755859375},"rotation":{"x":-0.25538432598114016,"y":-0.22598177194595338,"z":0.061524003744125369,"w":-0.9380437135696411},"size":1159.9395751953125,"orthographic":false}